{"eye_hight": 0.16089980000000004, "eye_width": 136.71875, "top_margin": 0.029362765000000013, "bottom_margin": 0.031537035000000005, "setup_margin": 17.187499999999986, "hold_margin": 17.1875}