{
    "eye_hight": 0.15758796,
    "eye_width": 104.16669999999999,
    "top_margin": 0.039390905000000004,
    "bottom_margin": 0.038197054999999994,
    "setup_margin": 16.92375358649788,
    "hold_margin": 16.923753586497895
}